<?xml version="1.0" encoding="UTF-8" standalone="yes"?>
<addon id="plugin.video.teamstream-win32"
       name="Teamstream.to"
       version="0.1.0"
       provider-name="siriuz">
  <requires>
    <import addon="xbmc.python" version="1.0" />
	<import addon="script.module.lxml-win32" version="3.1.2" />
  </requires>
  <extension point="xbmc.python.pluginsource"
            library="teamstream.py">
        <provides>video</provides>
  </extension>
  <extension point="xbmc.addon.metadata">
    <platform>all</platform>
    <summary>Live-TV provided by Teamstream.to</summary>
    <description>
Steps to be done before using the teamstream addon:
--------------------------------------------------------------------------------
* get an account at www.teamstream.to
* buy elite access
* update librtmp.dll (see README)
* enter your login and password in the addon settings
* enjoy live television!
    </description>
  </extension>
</addon>
